{"cameraMode":{"drawMode":0,"name":"Shaded","section":"Shading Mode"},"sceneLighting":true,"audioPlay":false,"sceneViewState":{"showFog":true,"showMaterialUpdate":false,"showSkybox":true,"showFlares":true,"showImageEffects":true,"showParticleSystems":true},"in2DMode":false,"pivot":{"x":-83.36618041992188,"y":5.745314598083496,"z":58.420570373535159},"rotation":{"x":0.02305683121085167,"y":-0.924031138420105,"z":0.05644920840859413,"w":0.3774232864379883},"size":37.38333511352539,"orthographic":false}